SubjectID,Day,Task,Trial,Channel,Muscle,SNR,RMS,RMS_z,Info
PT_07,1,Tapes,1,54,lateral_tri,0.9801431424770046,534.4111328125,3.280705451965332,RMS z=3.28
PT_07,1,Tapes,5,54,lateral_tri,0.9835819357347756,495.96624755859375,3.120497226715088,RMS z=3.12
PT_07,3,Tapes,1,35,extensors,0.989780970789391,524.4915161132812,3.153775215148926,RMS z=3.15
PT_07,3,Tapes,1,57,long_tri,0.9899749793722837,518.3829345703125,3.0712294578552246,RMS z=3.07
PT_07,5,Tapes,2,7,flexors,,0.0,-3.0466933250427246,RMS z=-3.05
PT_07,5,Tapes,2,37,bicep,,0.0,-3.0466933250427246,RMS z=-3.05
PT_07,5,Tapes,3,7,flexors,,0.0,-3.1170427799224854,RMS z=-3.12
PT_07,5,Tapes,3,37,bicep,,0.0,-3.1170427799224854,RMS z=-3.12
PT_07,1,Tapes_standing,1,55,lateral_tri,0.9676709331056446,643.8648071289062,3.580718994140625,RMS z=3.58
PT_07,1,Tapes_standing,2,54,lateral_tri,0.9853786781121016,559.9074096679688,3.0218775272369385,RMS z=3.02
PT_07,3,Tapes_cog_load,1,35,extensors,0.988559005130666,540.1513671875,3.083599805831909,RMS z=3.08
PT_07,3,Tapes_cog_load,1,57,long_tri,0.988712360527675,535.5045166015625,3.0256593227386475,RMS z=3.03
PT_07,3,Tapes_cog_load,4,35,extensors,0.990775885160324,534.4258422851562,3.0083062648773193,RMS z=3.01
PT_07,3,Tapes_cog_load,5,35,extensors,0.9897600495036474,549.088623046875,3.2696337699890137,RMS z=3.27
PT_07,3,Tapes_cog_load,5,57,long_tri,0.9898666867970671,545.346923828125,3.227769374847412,RMS z=3.23
PT_08,1,Tapes,4,57,long_tri,0.9915718052469472,579.80126953125,3.087660312652588,RMS z=3.09
PT_08,1,Tapes,5,35,extensors,0.9900757661527049,545.8486328125,3.0786213874816895,RMS z=3.08
PT_08,1,Tapes,5,57,long_tri,0.9916121401485434,570.73583984375,3.346175193786621,RMS z=3.35
PT_08,1,Tapes_cog_load,1,57,long_tri,0.9938630850219404,468.7119445800781,3.17155385017395,RMS z=3.17
PT_08,1,Tapes_cog_load,2,57,long_tri,0.9917766125739457,492.93548583984375,3.205315113067627,RMS z=3.21
PT_08,1,Tapes_cog_load,3,57,long_tri,0.9923802875580674,534.5521240234375,3.2445740699768066,RMS z=3.24
PT_08,1,Tapes_cog_load,5,57,long_tri,0.991854402978917,509.47479248046875,3.1739566326141357,RMS z=3.17
PT_09,2,Tapes,1,7,flexors,,0.0,-3.2670347690582275,RMS z=-3.27
PT_09,2,Tapes,1,11,flexors,,0.0,-3.2670347690582275,RMS z=-3.27
PT_09,2,Tapes,2,7,flexors,,0.0,-3.3264594078063965,RMS z=-3.33
PT_09,2,Tapes,2,11,flexors,,0.0,-3.3264594078063965,RMS z=-3.33
PT_09,2,Tapes,3,7,flexors,0.9884403932002681,1.6314009428024292,-4.062077045440674,RMS z=-4.06
PT_09,2,Tapes,4,35,extensors,0.9742550628935708,666.6085815429688,3.1839489936828613,RMS z=3.18
PT_09,2,Tapes,5,7,flexors,,0.0,-4.217964172363281,RMS z=-4.22
PT_09,2,Tapes_standing,1,7,flexors,,0.0,-3.4582269191741943,RMS z=-3.46
PT_09,2,Tapes_standing,1,11,flexors,,0.0,-3.4582269191741943,RMS z=-3.46
PT_09,2,Tapes_standing,2,7,flexors,,0.0,-3.73565673828125,RMS z=-3.74
PT_09,2,Tapes_standing,2,11,flexors,0.9677339396707314,49.34744644165039,-3.2565910816192627,RMS z=-3.26
PT_09,2,Tapes_standing,3,7,flexors,0.9915544860489045,3.374983310699463,-3.682379722595215,RMS z=-3.68
PT_09,2,Tapes_standing,4,7,flexors,,0.0,-4.0866804122924805,RMS z=-4.09
PT_09,2,Tapes_standing,4,11,flexors,0.9860719273676075,96.4273452758789,-3.144258975982666,RMS z=-3.14
PT_09,2,Tapes_standing,5,7,flexors,0.9851607797249192,0.5093462467193604,-3.854367733001709,RMS z=-3.85
PT_09,2,Tapes_standing,5,11,flexors,0.9703668724720825,37.70287322998047,-3.505028247833252,RMS z=-3.51
PT_09,3,Tapes,1,59,long_tri,0.9030276445126161,636.7896728515625,3.3505520820617676,RMS z=3.35
PT_09,3,Tapes_cog_load,1,8,flexors,0.9087611007751576,1145.0074462890625,5.536661148071289,RMS z=5.54
PT_09,3,Tapes_cog_load,2,8,flexors,0.8980698876604402,903.7410888671875,4.113313674926758,RMS z=4.11
PT_09,3,Tapes_cog_load,3,8,flexors,0.9019699406165043,912.6409912109375,4.557384490966797,RMS z=4.56
PT_09,3,Tapes_cog_load,4,8,flexors,0.9033027177101726,1119.119140625,4.4121174812316895,RMS z=4.41
PT_09,3,Tapes_cog_load,5,8,flexors,0.909382089397743,950.1929321289062,3.7274439334869385,RMS z=3.73
PT_09,3,Tapes_standing,1,8,flexors,0.9088999211373727,1022.0586547851562,3.8651504516601562,RMS z=3.87
PT_09,3,Tapes_standing,3,3,flexors,0.9250512953458089,949.5191650390625,3.2588412761688232,RMS z=3.26
PT_09,3,Tapes_standing,3,59,long_tri,0.945105700902174,1005.7979125976562,3.5753095149993896,RMS z=3.58
PT_09,3,Tapes_standing,5,59,long_tri,0.9454312561747297,953.9921875,3.416203260421753,RMS z=3.42
PT_09,4,Tapes,2,1,flexors,0.832883022738416,1725.9349365234375,4.781679153442383,RMS z=4.78
PT_09,4,Tapes,2,38,bicep,0.8247362183872314,1879.2706298828125,5.314635753631592,RMS z=5.31
PT_09,4,Tapes,3,1,flexors,0.8364950418529009,2230.302490234375,5.2776055335998535,RMS z=5.28
PT_09,4,Tapes,3,38,bicep,0.8210201842907371,2141.318115234375,5.0226263999938965,RMS z=5.02
PT_09,4,Tapes,4,1,flexors,0.8560383031837941,2460.151123046875,4.578324317932129,RMS z=4.58
PT_09,4,Tapes,4,8,flexors,0.857122624515648,2328.12841796875,4.2746758460998535,RMS z=4.27
PT_09,4,Tapes,4,38,bicep,0.8223299803355532,2134.28857421875,3.828850030899048,RMS z=3.83
PT_09,4,Tapes,5,1,flexors,0.8796925149482727,1965.576171875,4.855506896972656,RMS z=4.86
PT_09,4,Tapes,5,38,bicep,0.835022260122349,1835.7567138671875,4.444379806518555,RMS z=4.44
PT_09,5,Tapes_cog_load,2,1,flexors,0.8426003514753135,1082.45556640625,3.221891403198242,RMS z=3.22
PT_09,5,Tapes_standing,1,1,flexors,0.7382986494086345,1375.9580078125,3.9754586219787598,RMS z=3.98
PT_09,5,Tapes_standing,1,25,extensors,0.9389123489147375,1432.0401611328125,4.220747470855713,RMS z=4.22
PT_09,5,Tapes_standing,2,25,extensors,0.9361678903796166,1223.42578125,4.054625511169434,RMS z=4.05
PT_09,5,Tapes_standing,3,1,flexors,0.8001471400497234,1034.4298095703125,3.048598527908325,RMS z=3.05
PT_09,5,Tapes_standing,4,25,extensors,0.9411065179809279,1352.1884765625,4.29831600189209,RMS z=4.30
PT_09,5,Tapes_standing,5,25,extensors,0.9457905304784066,1407.4547119140625,4.4712138175964355,RMS z=4.47
PT_10,1,Tapes,1,48,bicep,0.9697617969153645,2167.989501953125,6.790013790130615,RMS z=6.79
PT_10,4,Tapes,1,54,lateral_tri,0.9929649578274887,1027.476806640625,3.016624927520752,RMS z=3.02
PT_10,4,Tapes,2,32,extensors,,0.0,-3.695850133895874,RMS z=-3.70
PT_10,4,Tapes,3,32,extensors,,0.0,-3.416879892349243,RMS z=-3.42
PT_10,4,Tapes,3,54,lateral_tri,0.9831305748811094,1239.371337890625,3.020745277404785,RMS z=3.02
PT_10,4,Tapes,4,32,extensors,,0.0,-3.791879892349243,RMS z=-3.79
PT_10,4,Tapes,5,32,extensors,,0.0,-3.724761962890625,RMS z=-3.72
PT_10,5,Tapes,5,54,lateral_tri,0.9951843033035915,1078.25390625,3.036271333694458,RMS z=3.04
PT_10,5,Tapes_cog_load,4,54,lateral_tri,0.9915898207225305,989.6365356445312,3.005297899246216,RMS z=3.01
PT_11,3,Tapes_cog_load,4,53,lateral_tri,0.9984392138558901,621.1127319335938,3.022752285003662,RMS z=3.02
PT_11,3,Tapes_standing,3,53,lateral_tri,0.998810418684745,706.5614624023438,3.0253806114196777,RMS z=3.03
PT_11,3,Tapes_standing,4,53,lateral_tri,0.9987488215632186,847.919921875,3.8350818157196045,RMS z=3.84
PT_11,3,Tapes_standing,5,53,lateral_tri,0.9986894380226684,940.9598388671875,3.9370319843292236,RMS z=3.94
PT_11,4,Tapes,1,32,extensors,,0.0,-3.6658270359039307,RMS z=-3.67
PT_11,4,Tapes,2,32,extensors,,0.0,-3.423537015914917,RMS z=-3.42
PT_11,4,Tapes,3,32,extensors,,0.0,-3.3618390560150146,RMS z=-3.36
PT_11,4,Tapes,4,32,extensors,,0.0,-3.2273802757263184,RMS z=-3.23
PT_11,4,Tapes,5,32,extensors,,0.0,-3.170135498046875,RMS z=-3.17
PT_11,5,Tapes,1,31,extensors,0.9984469761552106,965.0515747070312,3.0688493251800537,RMS z=3.07
PT_11,5,Tapes_cog_load,4,31,extensors,0.9983024424038277,811.2028198242188,3.0561227798461914,RMS z=3.06
PT_11,5,Tapes_standing,1,53,lateral_tri,0.9991233998796779,1113.5382080078125,3.265382766723633,RMS z=3.27
PT_11,5,Tapes_standing,2,53,lateral_tri,0.9988796231507688,1129.5098876953125,3.2810068130493164,RMS z=3.28
PT_11,5,Tapes_standing,3,53,lateral_tri,0.9989862613695139,1028.57568359375,3.3251402378082275,RMS z=3.33
PT_11,5,Tapes_standing,4,53,lateral_tri,0.9988085242457424,942.2332763671875,3.2042675018310547,RMS z=3.20
PT_11,5,Tapes_standing,5,53,lateral_tri,0.9988405774114532,1048.8385009765625,3.239772081375122,RMS z=3.24
PT_12,1,Tapes,2,14,flexors,0.984495326669275,71.3387222290039,-4.288914680480957,RMS z=-4.29
PT_12,1,Tapes,2,48,bicep,0.9965860254011113,377.919677734375,3.0408520698547363,RMS z=3.04
PT_12,1,Tapes,3,14,flexors,0.9526520636546165,17.213401794433594,-4.794323921203613,RMS z=-4.79
PT_12,1,Tapes,4,14,flexors,0.9766973920608645,6.5817718505859375,-5.309188365936279,RMS z=-5.31
PT_12,1,Tapes,5,14,flexors,0.99531843843839,0.9080249667167664,-4.699896335601807,RMS z=-4.70
PT_12,1,Tapes_cog_load,1,14,flexors,0.9855847845503681,0.058774251490831375,-4.081740856170654,RMS z=-4.08
PT_12,1,Tapes_cog_load,1,49,lateral_tri,0.9500867160689145,47.49422073364258,-3.4036316871643066,RMS z=-3.40
PT_12,1,Tapes_cog_load,2,14,flexors,,0.0,-4.201306343078613,RMS z=-4.20
PT_12,1,Tapes_cog_load,2,49,lateral_tri,,0.0,-4.201306343078613,RMS z=-4.20
PT_12,1,Tapes_cog_load,3,14,flexors,,0.0,-3.6786134243011475,RMS z=-3.68
PT_12,1,Tapes_cog_load,3,49,lateral_tri,,0.0,-3.6786134243011475,RMS z=-3.68
PT_12,1,Tapes_cog_load,4,14,flexors,,0.0,-3.548966407775879,RMS z=-3.55
PT_12,1,Tapes_cog_load,4,49,lateral_tri,,0.0,-3.548966407775879,RMS z=-3.55
PT_12,1,Tapes_cog_load,5,14,flexors,,0.0,-3.0588879585266113,RMS z=-3.06
PT_12,1,Tapes_cog_load,5,49,lateral_tri,,0.0,-3.0588879585266113,RMS z=-3.06
PT_12,2,Tapes,5,17,flexors,0.8452251566904097,639.0457763671875,3.2934350967407227,RMS z=3.29
PT_12,2,Tapes,5,18,flexors,0.8570832680435324,657.1315307617188,3.4601614475250244,RMS z=3.46
PT_12,2,Tapes_standing,1,3,flexors,0.7918558061791187,758.9276733398438,3.7407021522521973,RMS z=3.74
PT_12,2,Tapes_standing,1,6,flexors,0.899515042977205,680.7352905273438,3.1143991947174072,RMS z=3.11
PT_12,2,Tapes_standing,2,59,long_tri,0.982844580757105,0.1898358017206192,-3.6629867553710938,RMS z=-3.66
PT_12,2,Tapes_standing,3,23,extensors,0.9141422134210531,425.3719787597656,3.7405452728271484,RMS z=3.74
PT_12,2,Tapes_standing,3,59,long_tri,,0.0,-3.869358539581299,RMS z=-3.87
PT_12,2,Tapes_standing,4,3,flexors,0.8151247001619338,742.6565551757812,3.1200218200683594,RMS z=3.12
PT_12,2,Tapes_standing,4,39,bicep,0.8116039095331086,792.58447265625,3.4669954776763916,RMS z=3.47
PT_12,4,Tapes,1,40,bicep,0.9968953042464973,385.87261962890625,3.102118730545044,RMS z=3.10
PT_12,4,Tapes_standing,5,34,extensors,0.993565589638324,11.789965629577637,-3.070455551147461,RMS z=-3.07
PT_12,5,Tapes,1,44,bicep,0.8824542599813799,867.7404174804688,6.0347490310668945,RMS z=6.03
PT_12,5,Tapes,2,44,bicep,0.9078597195533575,1714.0888671875,7.163128852844238,RMS z=7.16
PT_12,5,Tapes,3,40,bicep,0.9268779829914705,1418.607421875,6.2545294761657715,RMS z=6.25
PT_12,5,Tapes,4,40,bicep,0.8956378712887767,1347.7894287109375,7.24802827835083,RMS z=7.25
PT_12,5,Tapes,5,40,bicep,0.8902850111798442,1340.669921875,7.018052577972412,RMS z=7.02
PT_12,5,Tapes_cog_load,2,40,bicep,0.9398152311664745,891.24462890625,6.757641792297363,RMS z=6.76
PT_12,5,Tapes_cog_load,3,40,bicep,0.9412283882575593,760.4055786132812,6.686749458312988,RMS z=6.69
PT_12,5,Tapes_standing,1,37,bicep,,0.0,-3.511270761489868,RMS z=-3.51
PT_12,5,Tapes_standing,2,37,bicep,,0.0,-3.617489814758301,RMS z=-3.62
PT_12,5,Tapes_standing,3,37,bicep,,0.0,-3.127070188522339,RMS z=-3.13
PT_12,5,Tapes_standing,4,37,bicep,,0.0,-3.1452486515045166,RMS z=-3.15
PT_13,1,Tapes_cog_load,4,53,lateral_tri,0.9977744820402928,440.3954162597656,3.0138916969299316,RMS z=3.01
PT_13,2,Tapes,4,53,lateral_tri,0.996982138292449,487.72265625,3.142507791519165,RMS z=3.14
PT_13,2,Tapes,5,53,lateral_tri,0.9976047432098385,451.33746337890625,3.1615660190582275,RMS z=3.16
PT_13,2,Tapes_standing,1,53,lateral_tri,0.9966194314062148,487.2903137207031,3.039577007293701,RMS z=3.04
PT_13,2,Tapes_standing,2,53,lateral_tri,0.9965750373154957,456.8362121582031,3.153311252593994,RMS z=3.15
PT_13,2,Tapes_standing,3,53,lateral_tri,0.9968203925753952,521.150634765625,3.3040056228637695,RMS z=3.30
PT_13,2,Tapes_standing,5,53,lateral_tri,0.9966167414350869,434.8381042480469,3.0672783851623535,RMS z=3.07
PT_13,3,Tapes,1,8,flexors,0.9421384844705657,567.1966552734375,3.653994560241699,RMS z=3.65
PT_13,3,Tapes,2,40,bicep,0.9067754061201134,1332.1064453125,7.061119556427002,RMS z=7.06
PT_13,3,Tapes,3,38,bicep,0.8613395070778926,2810.5791015625,7.602813720703125,RMS z=7.60
PT_13,3,Tapes,4,38,bicep,0.880598461819031,2792.93310546875,7.6656575202941895,RMS z=7.67
PT_13,3,Tapes,5,38,bicep,0.9592049627775515,596.3462524414062,4.087275981903076,RMS z=4.09
PT_13,3,Tapes_cog_load,1,38,bicep,0.8881069744480627,1766.9422607421875,7.130795001983643,RMS z=7.13
PT_13,3,Tapes_cog_load,2,38,bicep,0.9220008579967912,826.6685791015625,5.898652076721191,RMS z=5.90
PT_13,3,Tapes_cog_load,3,38,bicep,0.9520437261339109,1594.330322265625,7.224956035614014,RMS z=7.22
PT_13,3,Tapes_cog_load,4,38,bicep,0.8485362690957369,1507.0084228515625,7.303775787353516,RMS z=7.30
PT_13,3,Tapes_cog_load,5,3,flexors,0.8362773729928143,1086.0709228515625,3.208388090133667,RMS z=3.21
PT_13,3,Tapes_cog_load,5,41,bicep,0.8169978174384205,1557.73876953125,5.103021144866943,RMS z=5.10
PT_13,3,Tapes_cog_load,5,42,bicep,0.7656956057616707,1302.7669677734375,4.078830242156982,RMS z=4.08
PT_13,3,Tapes_standing,1,8,flexors,0.9156366141507916,628.2337646484375,3.933300495147705,RMS z=3.93
PT_13,3,Tapes_standing,1,40,bicep,0.8372049859422118,678.0942993164062,4.4411115646362305,RMS z=4.44
PT_13,3,Tapes_standing,2,8,flexors,0.9133114142325017,532.2916259765625,3.554037570953369,RMS z=3.55
PT_13,3,Tapes_standing,3,8,flexors,0.9174202964383174,605.7009887695312,4.815075874328613,RMS z=4.82
PT_13,3,Tapes_standing,4,8,flexors,0.8949396401850228,574.2525024414062,4.421575546264648,RMS z=4.42
PT_13,3,Tapes_standing,5,40,bicep,0.9794893288777383,506.59808349609375,3.3858675956726074,RMS z=3.39
PT_13,4,Tapes,1,19,extensors,0.8444367547599906,983.2382202148438,6.065678119659424,RMS z=6.07
PT_13,4,Tapes,2,19,extensors,0.8599841695882142,1011.9794921875,5.8740010261535645,RMS z=5.87
PT_13,4,Tapes,3,47,bicep,0.8555776094565279,615.3525390625,3.9122812747955322,RMS z=3.91
PT_13,4,Tapes,4,47,bicep,0.8052642580552162,556.2257080078125,3.8187499046325684,RMS z=3.82
PT_13,4,Tapes,5,47,bicep,0.8209983511808168,778.3375854492188,5.221203327178955,RMS z=5.22
PT_13,5,Tapes,1,53,lateral_tri,0.9957490707108181,505.9799499511719,3.3096842765808105,RMS z=3.31
PT_13,5,Tapes,3,53,lateral_tri,0.9967873641847474,450.8993225097656,3.3349690437316895,RMS z=3.33
PT_13,5,Tapes,4,53,lateral_tri,0.996635305687543,469.6168518066406,3.2008962631225586,RMS z=3.20
PT_13,5,Tapes_cog_load,2,53,lateral_tri,0.99732375029131,355.5228576660156,3.017512083053589,RMS z=3.02
PT_13,5,Tapes_cog_load,3,8,flexors,0.8856027675064234,424.7653503417969,3.199399948120117,RMS z=3.20
PT_14,1,Tapes,1,8,flexors,0.9458473341138881,375.78387451171875,3.5270206928253174,RMS z=3.53
PT_14,1,Tapes,2,53,lateral_tri,0.9981642252575036,379.6164855957031,3.2768714427948,RMS z=3.28
PT_14,1,Tapes,4,53,lateral_tri,0.9981656545638616,329.4944763183594,3.440074920654297,RMS z=3.44
PT_14,1,Tapes_cog_load,1,8,flexors,0.8990736219702791,426.4984130859375,4.835182189941406,RMS z=4.84
PT_14,1,Tapes_cog_load,2,53,lateral_tri,0.9986196051105134,357.9241638183594,3.075476884841919,RMS z=3.08
PT_14,1,Tapes_cog_load,5,8,flexors,0.9648909829111721,401.49609375,3.747143507003784,RMS z=3.75
PT_14,1,Tapes_standing,3,40,bicep,0.8812356671595746,1503.94189453125,6.47512674331665,RMS z=6.48
PT_14,1,Tapes_standing,5,35,extensors,0.9904611827302908,575.5628051757812,3.0207087993621826,RMS z=3.02
PT_14,2,Tapes,1,47,bicep,0.9208110047369427,736.2032470703125,3.9347310066223145,RMS z=3.93
PT_14,5,Tapes,2,19,extensors,0.8271963927127068,795.9244384765625,3.8587288856506348,RMS z=3.86
PT_14,5,Tapes,3,19,extensors,0.8253562395212263,1817.3094482421875,6.937394618988037,RMS z=6.94
PT_14,5,Tapes_cog_load,2,39,bicep,0.8764965852438183,3266.229248046875,7.8220415115356445,RMS z=7.82
PT_14,5,Tapes_cog_load,4,39,bicep,0.7683135232319704,703.3035278320312,5.2278265953063965,RMS z=5.23
PT_14,5,Tapes_standing,1,8,flexors,0.9159009583251442,1139.1380615234375,3.820827007293701,RMS z=3.82
PT_15,1,Tapes,1,14,flexors,,0.0,-3.3800156116485596,RMS z=-3.38
PT_15,1,Tapes,1,30,extensors,,0.0,-3.3800156116485596,RMS z=-3.38
PT_15,1,Tapes,1,47,bicep,,0.0,-3.3800156116485596,RMS z=-3.38
PT_15,1,Tapes,1,50,lateral_tri,,0.0,-3.3800156116485596,RMS z=-3.38
PT_15,1,Tapes,2,23,extensors,0.8267103098700872,1386.838623046875,5.802222728729248,RMS z=5.80
PT_15,1,Tapes,3,23,extensors,0.8034967573636058,1066.0064697265625,4.784523963928223,RMS z=4.78
PT_15,1,Tapes,4,23,extensors,0.7848280671015339,1332.7646484375,5.471126079559326,RMS z=5.47
PT_15,1,Tapes,5,23,extensors,0.8306425686008324,902.66748046875,4.1480560302734375,RMS z=4.15
PT_15,1,Tapes_cog_load,1,10,flexors,0.8159873559075537,823.5294189453125,4.4116411209106445,RMS z=4.41
PT_15,1,Tapes_cog_load,1,12,flexors,0.8082552660647038,881.3543701171875,4.837902545928955,RMS z=4.84
PT_15,1,Tapes_cog_load,2,10,flexors,0.8437889100001258,662.01611328125,3.9994168281555176,RMS z=4.00
PT_15,1,Tapes_cog_load,2,12,flexors,0.8094421172926183,710.9378662109375,4.451043605804443,RMS z=4.45
PT_15,1,Tapes_cog_load,3,10,flexors,0.8358222593453833,696.0916137695312,4.021312236785889,RMS z=4.02
PT_15,1,Tapes_cog_load,3,12,flexors,0.8114020038989279,796.6310424804688,4.856956958770752,RMS z=4.86
PT_15,1,Tapes_cog_load,4,12,flexors,0.8095399745764831,867.1566162109375,5.48866081237793,RMS z=5.49
PT_15,1,Tapes_cog_load,5,12,flexors,0.8440275417822456,1791.944091796875,6.489964485168457,RMS z=6.49
PT_15,1,Tapes_cog_load,5,13,flexors,0.797517497771454,1038.45703125,3.244227409362793,RMS z=3.24
PT_15,2,Tapes_standing,1,31,extensors,0.9948210885075891,371.9563293457031,3.055757522583008,RMS z=3.06
PT_15,2,Tapes_standing,1,53,lateral_tri,0.9953411928626061,373.4449768066406,3.086557388305664,RMS z=3.09
PT_15,2,Tapes_standing,4,53,lateral_tri,0.9956454277975763,394.12615966796875,3.3419151306152344,RMS z=3.34
PT_15,3,Tapes,1,64,long_tri,0.9977454411397616,427.40264892578125,3.3611562252044678,RMS z=3.36
PT_15,3,Tapes,2,29,extensors,0.9974434113858558,511.6075134277344,3.0734710693359375,RMS z=3.07
PT_15,3,Tapes,2,64,long_tri,0.9976112600694369,558.1244506835938,3.7327880859375,RMS z=3.73
PT_15,3,Tapes,3,64,long_tri,0.9971889666604788,541.6187744140625,3.6232566833496094,RMS z=3.62
PT_15,3,Tapes,4,29,extensors,0.9960167470394606,513.529052734375,3.0174031257629395,RMS z=3.02
PT_15,3,Tapes,4,64,long_tri,0.9960808000903887,562.2279663085938,3.691533327102661,RMS z=3.69
PT_15,3,Tapes,5,64,long_tri,0.9962760656024311,513.3626708984375,3.601585865020752,RMS z=3.60
PT_15,3,Tapes_cog_load,1,64,long_tri,0.9977593755492977,398.4831237792969,3.6072514057159424,RMS z=3.61
PT_15,3,Tapes_cog_load,3,64,long_tri,0.998080420569436,351.9040222167969,3.6871063709259033,RMS z=3.69
PT_15,3,Tapes_cog_load,4,64,long_tri,0.9968268901702293,289.764404296875,3.029764413833618,RMS z=3.03
PT_15,3,Tapes_cog_load,5,64,long_tri,0.997553142424589,333.0271911621094,3.498138427734375,RMS z=3.50
PT_15,3,Tapes_standing,2,64,long_tri,0.9973697875292328,510.2081298828125,3.3895370960235596,RMS z=3.39
PT_15,4,Tapes_standing,3,64,long_tri,0.9964606031209577,514.6178588867188,3.487257242202759,RMS z=3.49
PT_15,5,Tapes_cog_load,1,64,long_tri,0.9976788821190864,314.0364990234375,3.7090375423431396,RMS z=3.71
PT_15,5,Tapes_cog_load,2,64,long_tri,0.9956623503001828,284.3623962402344,3.4596896171569824,RMS z=3.46
PT_15,5,Tapes_cog_load,4,64,long_tri,0.9974369838570444,282.3468322753906,3.0339794158935547,RMS z=3.03
PT_15,5,Tapes_standing,5,64,long_tri,0.9968042171320924,398.56756591796875,3.0624728202819824,RMS z=3.06
PT_16,1,Tapes,1,57,long_tri,0.9347440357919413,9.103911399841309,3.302515745162964,RMS z=3.30
PT_16,1,Tapes,2,57,long_tri,0.9297148072434104,10.05699348449707,3.39350962638855,RMS z=3.39
PT_16,1,Tapes,3,57,long_tri,0.9292070591965301,10.54144287109375,3.3242509365081787,RMS z=3.32
PT_16,1,Tapes,4,57,long_tri,0.9299465952182077,10.0755615234375,3.236262559890747,RMS z=3.24
PT_16,1,Tapes,5,57,long_tri,0.9361661387268696,9.668158531188965,3.3722846508026123,RMS z=3.37
PT_16,1,Tapes_cog_load,1,57,long_tri,0.927099236677952,9.807218551635742,3.3504881858825684,RMS z=3.35
PT_16,1,Tapes_cog_load,2,57,long_tri,0.9351076888482117,8.985833168029785,3.423146963119507,RMS z=3.42
PT_16,1,Tapes_cog_load,3,57,long_tri,0.9336808480775216,8.877065658569336,3.263333559036255,RMS z=3.26
PT_16,1,Tapes_cog_load,4,57,long_tri,0.9344796000821574,8.915980339050293,3.534782886505127,RMS z=3.53
PT_16,1,Tapes_cog_load,5,57,long_tri,0.9233750986836402,9.442534446716309,3.3685569763183594,RMS z=3.37
PT_16,2,Tapes,1,57,long_tri,0.9303116489459907,6.5701003074646,3.4930551052093506,RMS z=3.49
PT_16,2,Tapes,2,57,long_tri,0.926711938022004,6.613937854766846,3.5748355388641357,RMS z=3.57
PT_16,2,Tapes,3,57,long_tri,0.9196067177719313,6.583538055419922,3.5731968879699707,RMS z=3.57
PT_16,2,Tapes,4,57,long_tri,0.9239516160025718,6.638393402099609,3.4049270153045654,RMS z=3.40
PT_16,2,Tapes,5,57,long_tri,0.9289727382693078,6.672970771789551,3.5090138912200928,RMS z=3.51
PT_16,2,Tapes_standing,1,57,long_tri,0.9359239776904751,7.031848907470703,4.244351863861084,RMS z=4.24
PT_16,2,Tapes_standing,2,57,long_tri,0.933804965186705,6.8828654289245605,4.333571434020996,RMS z=4.33
PT_16,2,Tapes_standing,3,57,long_tri,0.9270769124641628,6.9629316329956055,4.297867774963379,RMS z=4.30
PT_16,2,Tapes_standing,4,57,long_tri,0.9351029087165076,6.886125087738037,4.336150646209717,RMS z=4.34
PT_16,2,Tapes_standing,5,57,long_tri,0.932295827087711,6.960280418395996,4.345940589904785,RMS z=4.35
PT_16,3,Tapes,1,57,long_tri,0.9325279090174529,7.3290300369262695,3.7989494800567627,RMS z=3.80
PT_16,3,Tapes,2,57,long_tri,0.9369634674936481,7.359151363372803,3.9308435916900635,RMS z=3.93
PT_16,3,Tapes,3,57,long_tri,0.9346217779149333,7.367971420288086,3.994875431060791,RMS z=3.99
PT_16,3,Tapes,4,57,long_tri,0.9327742392972924,7.689939498901367,3.908966541290283,RMS z=3.91
PT_16,3,Tapes,5,57,long_tri,0.9379760908228629,7.801959991455078,3.7752363681793213,RMS z=3.78
PT_16,3,Tapes_cog_load,1,57,long_tri,0.93086447054217,7.4618377685546875,3.620157241821289,RMS z=3.62
PT_16,3,Tapes_cog_load,2,57,long_tri,0.9273883967750121,7.367611885070801,3.73164701461792,RMS z=3.73
PT_16,3,Tapes_cog_load,3,57,long_tri,0.9302092847789823,7.810727119445801,3.700871229171753,RMS z=3.70
PT_16,3,Tapes_cog_load,4,57,long_tri,0.926363166873971,7.41234016418457,3.5872814655303955,RMS z=3.59
PT_16,3,Tapes_cog_load,5,57,long_tri,0.9227400378945243,7.994476795196533,3.4899697303771973,RMS z=3.49
PT_16,3,Tapes_standing,1,57,long_tri,0.9233139463361324,7.027047157287598,3.7861759662628174,RMS z=3.79
PT_16,3,Tapes_standing,2,57,long_tri,0.9368660757837272,8.393879890441895,3.147200107574463,RMS z=3.15
PT_16,3,Tapes_standing,3,57,long_tri,0.9353927455147986,7.711949825286865,3.398951768875122,RMS z=3.40
PT_16,3,Tapes_standing,4,57,long_tri,0.9306119369240532,8.085740089416504,3.396336793899536,RMS z=3.40
PT_16,3,Tapes_standing,5,57,long_tri,0.9402299946055775,8.30029296875,3.2051005363464355,RMS z=3.21
PT_16,4,Tapes,1,57,long_tri,0.9277084148483971,6.482181072235107,3.889641046524048,RMS z=3.89
PT_16,4,Tapes,2,57,long_tri,0.9405855088270649,6.672763347625732,3.3976924419403076,RMS z=3.40
PT_16,4,Tapes,3,57,long_tri,0.9317162625503104,6.404857635498047,3.880427837371826,RMS z=3.88
PT_16,4,Tapes,4,57,long_tri,0.929435980153345,6.442387104034424,3.8893609046936035,RMS z=3.89
PT_16,4,Tapes_standing,1,57,long_tri,0.9222551788832565,6.587739944458008,3.6363582611083984,RMS z=3.64
PT_16,4,Tapes_standing,2,57,long_tri,0.9281902053693235,6.412554740905762,3.6413800716400146,RMS z=3.64
PT_16,4,Tapes_standing,3,57,long_tri,0.9291117593290761,6.4964776039123535,3.5460715293884277,RMS z=3.55
PT_16,4,Tapes_standing,4,57,long_tri,0.9259750822130344,6.590790271759033,3.7774288654327393,RMS z=3.78
PT_16,4,Tapes_standing,5,57,long_tri,0.9261629945700205,6.57318639755249,3.646527051925659,RMS z=3.65
PT_17,1,Tapes_cog_load,2,7,flexors,0.9952843514724019,335.414306640625,3.344855546951294,RMS z=3.34
PT_17,1,Tapes_cog_load,3,7,flexors,0.9947570926163514,398.14300537109375,3.7389440536499023,RMS z=3.74
PT_17,3,Tapes,1,12,flexors,0.8653859360944212,1253.204345703125,4.826379776000977,RMS z=4.83
PT_17,3,Tapes,1,13,flexors,0.8081622357149051,1323.8724365234375,5.146544933319092,RMS z=5.15
PT_17,3,Tapes,2,12,flexors,0.854200857281099,1391.888916015625,4.7057695388793945,RMS z=4.71
PT_17,3,Tapes,2,13,flexors,0.8159263664407604,1502.76708984375,5.141839981079102,RMS z=5.14
PT_17,3,Tapes,3,12,flexors,0.8860629242580536,1269.1558837890625,4.665719032287598,RMS z=4.67
PT_17,3,Tapes,3,13,flexors,0.8205327301576998,1376.47705078125,5.135664463043213,RMS z=5.14
PT_17,3,Tapes,4,12,flexors,0.841471167523031,1471.853759765625,4.749234676361084,RMS z=4.75
PT_17,3,Tapes,4,13,flexors,0.8073972973891701,1619.2684326171875,5.303963661193848,RMS z=5.30
PT_17,3,Tapes,5,12,flexors,0.8202643930520434,1470.6910400390625,4.542788982391357,RMS z=4.54
PT_17,3,Tapes,5,13,flexors,0.8330913835911703,1696.5411376953125,5.365423679351807,RMS z=5.37
PT_17,3,Tapes_standing,1,3,flexors,0.8205156587000757,747.1956787109375,3.4974124431610107,RMS z=3.50
PT_17,3,Tapes_standing,3,3,flexors,0.9252389761891479,676.7691650390625,3.2827835083007812,RMS z=3.28
PT_17,3,Tapes_standing,4,3,flexors,0.844274249790319,992.0560913085938,4.6110711097717285,RMS z=4.61
PT_17,3,Tapes_standing,5,3,flexors,0.8294750206855905,1040.5399169921875,4.895594120025635,RMS z=4.90
PT_17,4,Tapes_standing,1,27,extensors,0.7848258373210051,1663.176513671875,4.917960166931152,RMS z=4.92
PT_17,4,Tapes_standing,1,28,extensors,0.8288110227311595,1807.0916748046875,5.435793399810791,RMS z=5.44
PT_17,4,Tapes_standing,2,27,extensors,0.8120266548858281,1383.7840576171875,4.190951347351074,RMS z=4.19
PT_17,4,Tapes_standing,2,28,extensors,0.8037726747994445,1841.722900390625,5.945361137390137,RMS z=5.95
PT_17,4,Tapes_standing,3,27,extensors,0.8172257913940738,1867.805419921875,4.555685520172119,RMS z=4.56
PT_17,4,Tapes_standing,3,28,extensors,0.8550467218433285,2358.133056640625,5.992565631866455,RMS z=5.99
PT_17,4,Tapes_standing,4,27,extensors,0.8100402501306101,1866.9541015625,4.6183180809021,RMS z=4.62
PT_17,4,Tapes_standing,4,28,extensors,0.8375714683324319,2346.304443359375,6.023678779602051,RMS z=6.02
PT_17,4,Tapes_standing,5,27,extensors,0.8267992440359707,1757.4566650390625,5.93927526473999,RMS z=5.94
PT_17,4,Tapes_standing,5,28,extensors,0.8187760849834618,1361.398193359375,4.345728397369385,RMS z=4.35
PT_17,5,Tapes,1,27,extensors,0.8280161123207008,2190.607666015625,6.088203430175781,RMS z=6.09
PT_17,5,Tapes,1,28,extensors,0.8518355877430371,1692.677001953125,4.503218650817871,RMS z=4.50
PT_17,5,Tapes,2,27,extensors,0.8081168594381,1592.1640625,5.358626365661621,RMS z=5.36
PT_17,5,Tapes,2,28,extensors,0.8202252135943756,1534.4166259765625,5.124546051025391,RMS z=5.12
PT_17,5,Tapes,3,28,extensors,0.7277606618064905,982.9984130859375,6.049584865570068,RMS z=6.05
PT_17,5,Tapes,4,27,extensors,0.7498375326241584,804.8560180664062,4.183789253234863,RMS z=4.18
PT_17,5,Tapes,4,28,extensors,0.7925772855099031,938.9859008789062,5.156919479370117,RMS z=5.16
PT_17,5,Tapes,5,27,extensors,0.7973274328370202,888.7469482421875,4.0643391609191895,RMS z=4.06
PT_17,5,Tapes,5,28,extensors,0.7936095229973076,963.2777099609375,4.553218364715576,RMS z=4.55
PT_17,5,Tapes_cog_load,1,28,extensors,0.8374379661426434,661.1630249023438,4.706863880157471,RMS z=4.71
PT_17,5,Tapes_cog_load,2,28,extensors,0.7877494462275434,558.627685546875,3.059540033340454,RMS z=3.06
PT_17,5,Tapes_standing,1,38,bicep,0.8973257119802568,1749.4403076171875,3.998248338699341,RMS z=4.00
PT_17,5,Tapes_standing,1,39,bicep,0.8529959636533277,2436.278564453125,5.965554714202881,RMS z=5.97
PT_17,5,Tapes_standing,2,38,bicep,0.9116306655283481,1425.5723876953125,3.37358021736145,RMS z=3.37
PT_17,5,Tapes_standing,2,39,bicep,0.865742670844831,1910.04296875,4.925534725189209,RMS z=4.93
PT_17,5,Tapes_standing,3,38,bicep,0.9149193692579839,2441.21484375,4.745213985443115,RMS z=4.75
PT_17,5,Tapes_standing,3,39,bicep,0.8825540633040487,2208.47900390625,4.198047161102295,RMS z=4.20
PT_17,5,Tapes_standing,4,38,bicep,0.94138311079898,1973.155029296875,4.617515563964844,RMS z=4.62
PT_17,5,Tapes_standing,4,39,bicep,0.8653589048413364,2055.44091796875,4.851730823516846,RMS z=4.85
PT_17,5,Tapes_standing,5,39,bicep,0.8694036448951872,2241.100341796875,5.592341899871826,RMS z=5.59
PT_18,1,Tapes,1,4,flexors,0.9271338492946234,793.2408447265625,3.3030202388763428,RMS z=3.30
PT_18,1,Tapes,1,46,lateral_tri,0.9025241514977322,248.58587646484375,-4.242551326751709,RMS z=-4.24
PT_18,1,Tapes,1,53,lateral_tri,0.9025241514977322,248.58587646484375,-4.242551326751709,RMS z=-4.24
PT_18,1,Tapes,2,46,lateral_tri,0.9323314838871315,404.7417907714844,-4.523830890655518,RMS z=-4.52
PT_18,1,Tapes,2,53,lateral_tri,0.9323314838871315,404.7417907714844,-4.523830890655518,RMS z=-4.52
PT_18,1,Tapes,4,2,flexors,0.9464462864445836,796.6607055664062,5.302191257476807,RMS z=5.30
PT_18,1,Tapes,4,4,flexors,0.9282347345583822,681.99365234375,3.3887267112731934,RMS z=3.39
PT_18,1,Tapes,5,46,lateral_tri,0.8407259359861665,355.9479064941406,-3.540875196456909,RMS z=-3.54
PT_18,1,Tapes,5,53,lateral_tri,0.8407259359861665,355.9479064941406,-3.540875196456909,RMS z=-3.54
PT_18,1,Tapes_cog_load,1,40,bicep,0.8609288186350598,1113.9078369140625,3.75706148147583,RMS z=3.76
PT_18,1,Tapes_cog_load,1,46,lateral_tri,0.89339947651188,320.9052429199219,-3.492323160171509,RMS z=-3.49
PT_18,1,Tapes_cog_load,1,53,lateral_tri,0.89339947651188,320.9052429199219,-3.492323160171509,RMS z=-3.49
PT_18,1,Tapes_cog_load,2,40,bicep,0.8899227846650475,973.7723999023438,6.4093217849731445,RMS z=6.41
PT_18,1,Tapes_cog_load,3,40,bicep,0.9037883105456673,784.8460693359375,5.396058082580566,RMS z=5.40
PT_18,1,Tapes_cog_load,4,4,flexors,0.9976904249800856,530.615966796875,3.0275721549987793,RMS z=3.03
PT_18,1,Tapes_cog_load,4,40,bicep,0.925382737151884,857.01904296875,5.924737930297852,RMS z=5.92
PT_18,1,Tapes_cog_load,5,40,bicep,0.8998425019600116,1105.2379150390625,6.2155303955078125,RMS z=6.22
PT_18,1,Tapes_standing,1,46,lateral_tri,0.9221169992193198,67.83184051513672,-3.2872021198272705,RMS z=-3.29
PT_18,1,Tapes_standing,1,48,bicep,0.9362538860795812,52.75783920288086,-3.4335217475891113,RMS z=-3.43
PT_18,1,Tapes_standing,1,53,lateral_tri,0.9221169992193198,67.83184051513672,-3.2872021198272705,RMS z=-3.29
PT_18,1,Tapes_standing,2,46,lateral_tri,0.928357805111324,97.11814880371094,-3.490041732788086,RMS z=-3.49
PT_18,1,Tapes_standing,2,48,bicep,0.9351111288251588,86.6318588256836,-3.5480804443359375,RMS z=-3.55
PT_18,1,Tapes_standing,2,53,lateral_tri,0.928357805111324,97.11814880371094,-3.490041732788086,RMS z=-3.49
PT_18,1,Tapes_standing,3,46,lateral_tri,0.941396687622079,54.57362747192383,-3.3703882694244385,RMS z=-3.37
PT_18,1,Tapes_standing,3,48,bicep,0.9588415170735135,39.660491943359375,-3.465122938156128,RMS z=-3.47
PT_18,1,Tapes_standing,3,53,lateral_tri,0.941396687622079,54.57362747192383,-3.3703882694244385,RMS z=-3.37
PT_18,1,Tapes_standing,4,46,lateral_tri,0.9338208810473089,66.38176727294922,-3.3571276664733887,RMS z=-3.36
PT_18,1,Tapes_standing,4,48,bicep,0.9427661780420792,49.83025360107422,-3.430605173110962,RMS z=-3.43
PT_18,1,Tapes_standing,4,53,lateral_tri,0.9338208810473089,66.38176727294922,-3.3571276664733887,RMS z=-3.36
PT_18,3,Tapes,4,43,bicep,0.9188041093940482,156.02896118164062,7.937253952026367,RMS z=7.94
PT_18,3,Tapes,5,41,bicep,0.9801278700332551,385.23199462890625,3.900529623031616,RMS z=3.90
PT_18,3,Tapes_cog_load,1,41,bicep,0.9688022245857877,363.18963623046875,3.986318826675415,RMS z=3.99
PT_18,3,Tapes_cog_load,2,41,bicep,0.9836206414190296,339.7613830566406,4.275101184844971,RMS z=4.28
PT_18,3,Tapes_cog_load,3,41,bicep,0.9904735863662174,338.17022705078125,3.7554399967193604,RMS z=3.76
PT_18,3,Tapes_cog_load,4,41,bicep,0.9852846427220366,367.0525817871094,3.438955783843994,RMS z=3.44
PT_18,3,Tapes_cog_load,5,41,bicep,0.9904237720009889,349.78521728515625,3.256253957748413,RMS z=3.26
PT_19,1,Tapes,1,64,long_tri,,0.0,-3.9105193614959717,RMS z=-3.91
PT_19,1,Tapes,2,7,flexors,0.9975371164996737,532.1604614257812,3.0050482749938965,RMS z=3.01
PT_19,1,Tapes,2,64,long_tri,,0.0,-4.246509552001953,RMS z=-4.25
PT_19,1,Tapes,3,64,long_tri,,0.0,-4.461316108703613,RMS z=-4.46
PT_19,1,Tapes,4,64,long_tri,,0.0,-4.299246788024902,RMS z=-4.30
PT_19,1,Tapes,5,64,long_tri,,0.0,-4.4246320724487305,RMS z=-4.42
PT_19,1,Tapes_cog_load,1,7,flexors,0.9972981212488106,478.32855224609375,3.1515002250671387,RMS z=3.15
PT_19,1,Tapes_cog_load,1,64,long_tri,,0.0,-3.8377747535705566,RMS z=-3.84
PT_19,1,Tapes_cog_load,2,5,flexors,0.9974249120458862,533.1029052734375,3.1943681240081787,RMS z=3.19
PT_19,1,Tapes_cog_load,2,6,flexors,0.9970970300409683,521.6533813476562,3.0536911487579346,RMS z=3.05
PT_19,1,Tapes_cog_load,2,64,long_tri,,0.0,-3.355710506439209,RMS z=-3.36
PT_19,1,Tapes_cog_load,3,5,flexors,0.9973098117381373,473.63873291015625,3.0472400188446045,RMS z=3.05
PT_19,1,Tapes_cog_load,3,6,flexors,0.9970342769450226,483.3731384277344,3.179356813430786,RMS z=3.18
PT_19,1,Tapes_cog_load,3,7,flexors,0.9970817711895382,473.9485778808594,3.051445245742798,RMS z=3.05
PT_19,1,Tapes_cog_load,3,64,long_tri,,0.0,-3.3810582160949707,RMS z=-3.38
PT_19,1,Tapes_cog_load,4,6,flexors,0.9963439971695754,461.7593078613281,3.036893367767334,RMS z=3.04
PT_19,1,Tapes_cog_load,4,64,long_tri,,0.0,-3.926553249359131,RMS z=-3.93
PT_19,1,Tapes_cog_load,5,64,long_tri,,0.0,-4.118831634521484,RMS z=-4.12
PT_19,1,Tapes_standing,1,64,long_tri,,0.0,-4.545016765594482,RMS z=-4.55
PT_19,1,Tapes_standing,2,64,long_tri,,0.0,-4.833916187286377,RMS z=-4.83
PT_19,1,Tapes_standing,3,64,long_tri,,0.0,-4.631399631500244,RMS z=-4.63
PT_19,1,Tapes_standing,4,64,long_tri,,0.0,-4.502160549163818,RMS z=-4.50
PT_19,1,Tapes_standing,5,64,long_tri,,0.0,-4.6285576820373535,RMS z=-4.63
PT_19,2,Tapes_standing,1,41,bicep,,0.0,-3.502307415008545,RMS z=-3.50
PT_19,2,Tapes_standing,2,41,bicep,,0.0,-3.7151002883911133,RMS z=-3.72
PT_19,2,Tapes_standing,3,5,flexors,0.9963014797385851,497.18829345703125,3.285954236984253,RMS z=3.29
PT_19,2,Tapes_standing,3,6,flexors,0.9962609847245409,484.64208984375,3.1132452487945557,RMS z=3.11
PT_19,2,Tapes_standing,3,41,bicep,,0.0,-3.5582597255706787,RMS z=-3.56
PT_19,2,Tapes_standing,4,41,bicep,,0.0,-3.9268336296081543,RMS z=-3.93
PT_19,2,Tapes_standing,5,41,bicep,,0.0,-3.9312875270843506,RMS z=-3.93
PT_19,3,Tapes,1,42,bicep,,0.0,-3.584138870239258,RMS z=-3.58
PT_19,3,Tapes,2,42,bicep,,0.0,-3.3328118324279785,RMS z=-3.33
PT_19,3,Tapes,3,42,bicep,,0.0,-3.980374336242676,RMS z=-3.98
PT_19,3,Tapes,4,42,bicep,,0.0,-3.532928705215454,RMS z=-3.53
PT_19,3,Tapes,5,42,bicep,,0.0,-3.311886787414551,RMS z=-3.31
PT_19,3,Tapes_cog_load,2,42,bicep,,0.0,-3.0008630752563477,RMS z=-3.00
PT_19,3,Tapes_standing,2,42,bicep,,0.0,-3.266225576400757,RMS z=-3.27
PT_19,3,Tapes_standing,3,42,bicep,,0.0,-3.24983549118042,RMS z=-3.25
PT_19,3,Tapes_standing,4,42,bicep,,0.0,-3.1906633377075195,RMS z=-3.19
PT_19,3,Tapes_standing,5,42,bicep,,0.0,-3.2038662433624268,RMS z=-3.20
PT_19,4,Tapes,2,44,bicep,0.9980383838028138,473.43359375,3.0558016300201416,RMS z=3.06
PT_19,4,Tapes,4,44,bicep,0.9975624938234767,574.8639526367188,3.022458553314209,RMS z=3.02
PT_19,4,Tapes,5,8,flexors,0.9978248657745253,593.95556640625,3.0933380126953125,RMS z=3.09
PT_19,4,Tapes_standing,2,8,flexors,0.9978341013941444,498.4436950683594,3.212352991104126,RMS z=3.21
PT_19,4,Tapes_standing,3,8,flexors,0.9978480957797126,537.3509521484375,3.239802360534668,RMS z=3.24
PT_19,4,Tapes_standing,3,44,bicep,0.9976596617217989,517.0841064453125,3.000591516494751,RMS z=3.00
PT_19,4,Tapes_standing,4,8,flexors,0.9979209343455102,549.7374877929688,3.1923089027404785,RMS z=3.19
PT_19,4,Tapes_standing,5,8,flexors,0.998018058243275,612.2723999023438,3.3161706924438477,RMS z=3.32
PT_19,5,Tapes,1,52,lateral_tri,,0.0,-3.1195318698883057,RMS z=-3.12
PT_19,5,Tapes,3,52,lateral_tri,,0.0,-3.1023483276367188,RMS z=-3.10
PT_19,5,Tapes,4,8,flexors,0.9980651202834693,577.4854736328125,3.0809566974639893,RMS z=3.08
PT_19,5,Tapes,5,52,lateral_tri,,0.0,-3.5821034908294678,RMS z=-3.58
PT_19,5,Tapes_cog_load,2,52,lateral_tri,,0.0,-3.1558971405029297,RMS z=-3.16
PT_19,5,Tapes_cog_load,3,52,lateral_tri,,0.0,-3.113605499267578,RMS z=-3.11
PT_19,5,Tapes_cog_load,4,8,flexors,0.9982673164076522,562.500732421875,3.051147222518921,RMS z=3.05
PT_19,5,Tapes_cog_load,4,52,lateral_tri,,0.0,-3.033433675765991,RMS z=-3.03
PT_19,5,Tapes_standing,2,52,lateral_tri,,0.0,-3.415398359298706,RMS z=-3.42
PT_19,5,Tapes_standing,3,52,lateral_tri,,0.0,-3.1148619651794434,RMS z=-3.11
PT_19,5,Tapes_standing,4,52,lateral_tri,,0.0,-3.3492093086242676,RMS z=-3.35
PT_19,5,Tapes_standing,5,52,lateral_tri,,0.0,-3.0981550216674805,RMS z=-3.10
PT_20,1,Tapes,1,34,extensors,0.9954241102758395,304.7828674316406,3.047738552093506,RMS z=3.05
PT_20,1,Tapes,2,34,extensors,0.9946591501442538,297.1005554199219,3.08131742477417,RMS z=3.08
PT_20,1,Tapes,3,34,extensors,0.99423943669964,314.04461669921875,3.6877758502960205,RMS z=3.69
PT_20,1,Tapes,4,34,extensors,0.9944662102117406,345.54547119140625,3.0208840370178223,RMS z=3.02
PT_20,1,Tapes_cog_load,1,7,flexors,0.9981586365324498,348.29327392578125,3.1799960136413574,RMS z=3.18
PT_20,1,Tapes_cog_load,2,7,flexors,0.9978227131235166,348.2765197753906,3.0791544914245605,RMS z=3.08
PT_20,1,Tapes_cog_load,3,7,flexors,0.998195954206334,351.5732727050781,3.168832778930664,RMS z=3.17
PT_20,1,Tapes_cog_load,4,32,extensors,0.994806873056252,5.0269365310668945,-3.6010050773620605,RMS z=-3.60
PT_20,1,Tapes_cog_load,5,32,extensors,,0.0,-3.2170827388763428,RMS z=-3.22
PT_20,1,Tapes_cog_load,5,63,long_tri,0.8549176760082396,361.8541564941406,3.1377220153808594,RMS z=3.14
PT_20,1,Tapes_standing,1,32,extensors,,0.0,-3.6935746669769287,RMS z=-3.69
PT_20,1,Tapes_standing,2,32,extensors,,0.0,-3.7248172760009766,RMS z=-3.72
PT_20,1,Tapes_standing,3,32,extensors,,0.0,-3.943131685256958,RMS z=-3.94
PT_20,1,Tapes_standing,4,32,extensors,,0.0,-3.7468063831329346,RMS z=-3.75
PT_20,1,Tapes_standing,5,32,extensors,,0.0,-4.179290771484375,RMS z=-4.18
PT_20,2,Tapes,1,40,bicep,0.9419453110637839,691.6239013671875,5.977173805236816,RMS z=5.98
PT_20,2,Tapes,2,40,bicep,0.9285408128604518,534.2130737304688,6.20711088180542,RMS z=6.21
PT_20,2,Tapes,3,40,bicep,0.9136778041698188,394.8721008300781,5.353411674499512,RMS z=5.35
PT_20,2,Tapes,4,40,bicep,0.9430673091392707,536.7208251953125,6.059380054473877,RMS z=6.06
PT_20,2,Tapes,5,54,lateral_tri,0.9133777689197996,514.2933349609375,4.350614070892334,RMS z=4.35
PT_20,2,Tapes,5,55,lateral_tri,0.8944977155522436,426.94610595703125,3.50077486038208,RMS z=3.50
PT_20,2,Tapes_standing,1,40,bicep,0.9397532868176277,224.50137329101562,3.3005897998809814,RMS z=3.30
PT_20,2,Tapes_standing,2,40,bicep,0.9503991778960885,260.1413269042969,3.624185562133789,RMS z=3.62
PT_20,2,Tapes_standing,3,40,bicep,0.9280678574800065,246.5355987548828,3.0143144130706787,RMS z=3.01
PT_20,2,Tapes_standing,5,40,bicep,0.9449227215674162,282.0789794921875,3.5388946533203125,RMS z=3.54
PT_20,3,Tapes,1,57,long_tri,0.9270899204557942,7.645833969116211,3.9799962043762207,RMS z=3.98
PT_20,3,Tapes,2,57,long_tri,0.9337271204664311,7.267574787139893,3.749852418899536,RMS z=3.75
PT_20,3,Tapes,3,57,long_tri,0.9246772906268355,7.339351177215576,3.6555593013763428,RMS z=3.66
PT_20,3,Tapes,4,57,long_tri,0.9333532476013702,7.238947868347168,3.7190208435058594,RMS z=3.72
PT_20,3,Tapes,5,57,long_tri,0.9387077160369193,7.049355983734131,3.6712756156921387,RMS z=3.67
PT_20,3,Tapes_cog_load,1,57,long_tri,0.9299389696796534,7.137493133544922,3.664494752883911,RMS z=3.66
PT_20,3,Tapes_cog_load,2,57,long_tri,0.9335813730450245,7.0425190925598145,3.697269916534424,RMS z=3.70
PT_20,3,Tapes_cog_load,3,57,long_tri,0.9340762181516178,7.01979398727417,3.7514610290527344,RMS z=3.75
PT_20,3,Tapes_cog_load,4,57,long_tri,0.9378659204911501,7.161147117614746,3.5879967212677,RMS z=3.59
PT_20,3,Tapes_cog_load,5,57,long_tri,0.9353396322282158,7.008417129516602,3.718008518218994,RMS z=3.72
PT_20,4,Tapes,1,57,long_tri,0.8630731819330365,9.057440757751465,3.076326847076416,RMS z=3.08
PT_20,4,Tapes,2,57,long_tri,0.8682979851624417,8.921395301818848,3.140556573867798,RMS z=3.14
PT_20,4,Tapes,3,57,long_tri,0.8876822130638496,8.583794593811035,3.094057321548462,RMS z=3.09
PT_20,4,Tapes,4,57,long_tri,0.8588042430878238,9.561357498168945,3.242335796356201,RMS z=3.24
PT_20,4,Tapes,5,57,long_tri,0.881113221575273,8.847121238708496,3.047711133956909,RMS z=3.05
PT_20,4,Tapes_standing,1,57,long_tri,0.7457317262321961,14.965621948242188,4.1041951179504395,RMS z=4.10
PT_20,4,Tapes_standing,2,57,long_tri,0.7348833691299468,16.00014877319336,4.0277838706970215,RMS z=4.03
PT_20,4,Tapes_standing,3,57,long_tri,0.7669359656357976,13.493016242980957,3.914508104324341,RMS z=3.91
PT_20,4,Tapes_standing,4,57,long_tri,0.7594006919911179,17.803302764892578,3.792055368423462,RMS z=3.79
PT_20,4,Tapes_standing,5,57,long_tri,0.7289728234172183,18.109573364257812,3.961826801300049,RMS z=3.96
PT_20,5,Tapes,2,57,long_tri,0.9363642520739608,7.760331630706787,3.166192054748535,RMS z=3.17
PT_20,5,Tapes,3,57,long_tri,0.9266605051345934,7.1768388748168945,3.2764627933502197,RMS z=3.28
PT_20,5,Tapes,4,57,long_tri,0.9268103046861921,7.353748321533203,3.179234266281128,RMS z=3.18
PT_20,5,Tapes,5,57,long_tri,0.9251981212543355,7.1959404945373535,3.410280466079712,RMS z=3.41
PT_20,5,Tapes_cog_load,1,57,long_tri,0.9326010260876101,7.039722919464111,3.192361354827881,RMS z=3.19
PT_20,5,Tapes_cog_load,2,57,long_tri,0.9327462404487209,7.320143699645996,3.222386598587036,RMS z=3.22
PT_20,5,Tapes_cog_load,3,57,long_tri,0.9230223709912525,7.246898651123047,3.2979142665863037,RMS z=3.30
PT_20,5,Tapes_cog_load,4,57,long_tri,0.9290967120167798,7.429104328155518,3.286557912826538,RMS z=3.29
PT_20,5,Tapes_cog_load,5,57,long_tri,0.9218269649049962,7.423334121704102,3.4346060752868652,RMS z=3.43
PT_20,5,Tapes_standing,1,57,long_tri,0.9301190143679823,7.558822154998779,3.8133552074432373,RMS z=3.81
PT_20,5,Tapes_standing,2,57,long_tri,0.9321894245981688,7.627735614776611,3.7723276615142822,RMS z=3.77
PT_20,5,Tapes_standing,3,57,long_tri,0.9376825352874332,8.084090232849121,3.782167673110962,RMS z=3.78
PT_20,5,Tapes_standing,4,57,long_tri,0.931582235593622,7.591050624847412,3.7887282371520996,RMS z=3.79
PT_20,5,Tapes_standing,5,57,long_tri,0.9344866059658103,7.500973701477051,3.8093206882476807,RMS z=3.81
PT_21,1,Tapes,1,35,extensors,0.9929431771843792,642.5869140625,3.0641744136810303,RMS z=3.06
PT_21,1,Tapes,3,35,extensors,0.9904496324620025,662.7994995117188,3.1607184410095215,RMS z=3.16
PT_21,1,Tapes,4,35,extensors,0.9920558653848182,623.0874633789062,3.358154535293579,RMS z=3.36
PT_21,1,Tapes,5,35,extensors,0.991731498354767,672.0352783203125,3.4587182998657227,RMS z=3.46
PT_21,1,Tapes_cog_load,1,8,flexors,0.9957192704009757,618.7966918945312,3.053374767303467,RMS z=3.05
PT_21,1,Tapes_cog_load,2,8,flexors,0.9948337991733417,607.7764282226562,3.136667013168335,RMS z=3.14
PT_21,1,Tapes_cog_load,3,8,flexors,0.9947805651872074,629.8277587890625,3.1037473678588867,RMS z=3.10
PT_21,1,Tapes_cog_load,4,35,extensors,0.9928494529769037,582.1423950195312,3.286618947982788,RMS z=3.29
PT_21,1,Tapes_standing,1,8,flexors,0.9946928014709472,587.0489501953125,3.076693058013916,RMS z=3.08
PT_21,1,Tapes_standing,2,35,extensors,0.9922617672537547,544.8015747070312,3.008897304534912,RMS z=3.01
PT_21,1,Tapes_standing,3,8,flexors,0.9948345748559815,557.5703735351562,3.2351913452148438,RMS z=3.24
PT_21,1,Tapes_standing,4,8,flexors,0.9945377671902178,561.0657348632812,3.1087512969970703,RMS z=3.11
PT_21,1,Tapes_standing,5,35,extensors,0.9908752168147749,598.6040649414062,3.001546621322632,RMS z=3.00
PT_21,3,Tapes,1,57,long_tri,0.7804832051883429,11.217527389526367,3.134601593017578,RMS z=3.13
PT_21,3,Tapes,2,57,long_tri,0.7970106696238426,11.346549987792969,3.3589260578155518,RMS z=3.36
PT_21,3,Tapes,3,57,long_tri,0.7801486741998467,11.158696174621582,3.113744020462036,RMS z=3.11
PT_21,3,Tapes,4,57,long_tri,0.8775779177623751,9.629134178161621,3.0374348163604736,RMS z=3.04
PT_21,3,Tapes,5,57,long_tri,0.8385489536449915,9.976557731628418,3.041696786880493,RMS z=3.04
PT_21,3,Tapes_cog_load,1,57,long_tri,0.8785639317965245,9.180211067199707,3.2169172763824463,RMS z=3.22
PT_21,3,Tapes_cog_load,2,57,long_tri,0.8555408334833212,9.736685752868652,3.091341972351074,RMS z=3.09
PT_21,3,Tapes_cog_load,3,57,long_tri,0.8679951989697383,9.99264144897461,3.1926093101501465,RMS z=3.19
PT_21,3,Tapes_cog_load,4,57,long_tri,0.8326647855865401,9.644676208496094,3.212045431137085,RMS z=3.21
PT_21,3,Tapes_cog_load,5,57,long_tri,0.853573811887935,9.9712553024292,3.2695200443267822,RMS z=3.27
PT_21,3,Tapes_standing,1,57,long_tri,0.8683653333727652,9.955206871032715,3.4483208656311035,RMS z=3.45
PT_21,3,Tapes_standing,2,57,long_tri,0.8537633245085406,11.486921310424805,3.4526424407958984,RMS z=3.45
PT_21,3,Tapes_standing,3,57,long_tri,0.8543274216976118,10.216486930847168,3.6807260513305664,RMS z=3.68
PT_21,3,Tapes_standing,4,57,long_tri,0.8695884377845097,10.139875411987305,3.427464485168457,RMS z=3.43
PT_21,3,Tapes_standing,5,57,long_tri,0.8217429864173006,12.26416015625,3.35541033744812,RMS z=3.36
PT_21,4,Tapes,3,57,long_tri,0.6972152791911345,20.81641387939453,3.3466944694519043,RMS z=3.35
PT_21,4,Tapes,3,62,long_tri,0.6967482118810745,20.805316925048828,3.0746304988861084,RMS z=3.07
PT_21,4,Tapes,4,57,long_tri,0.6900458550781791,23.288881301879883,3.0509893894195557,RMS z=3.05
PT_21,4,Tapes_standing,1,57,long_tri,0.6907823822967452,31.538297653198242,3.835905075073242,RMS z=3.84
PT_21,4,Tapes_standing,2,1,flexors,0.5938269560212245,35.76188278198242,1.369919776916504,low SNR (0.59)
PT_21,4,Tapes_standing,2,2,flexors,0.5931388727670388,35.720191955566406,0.30536818504333496,low SNR (0.59)
PT_21,4,Tapes_standing,2,3,flexors,0.5930483644451179,35.70814895629883,-0.002142934827134013,low SNR (0.59)
PT_21,4,Tapes_standing,2,4,flexors,0.5929510554130483,35.70708084106445,-0.029416648671030998,low SNR (0.59)
PT_21,4,Tapes_standing,2,5,flexors,0.5930723413220118,35.71563720703125,0.18906529247760773,low SNR (0.59)
PT_21,4,Tapes_standing,2,6,flexors,0.5929917058410753,35.69216537475586,-0.41027459502220154,low SNR (0.59)
PT_21,4,Tapes_standing,2,7,flexors,0.5928080471859671,35.70682144165039,-0.03604026511311531,low SNR (0.59)
PT_21,4,Tapes_standing,2,8,flexors,0.592971536233796,35.660606384277344,-1.2161154747009277,low SNR (0.59)
PT_21,4,Tapes_standing,2,9,flexors,0.5941291930321655,35.737430572509766,0.7455464601516724,low SNR (0.59)
PT_21,4,Tapes_standing,2,10,flexors,0.5926875342129777,35.693294525146484,-0.3814423978328705,low SNR (0.59)
PT_21,4,Tapes_standing,2,11,flexors,0.5929146604414431,35.70808792114258,-0.003701432840898633,low SNR (0.59)
PT_21,4,Tapes_standing,2,12,flexors,0.5928240904788488,35.68807601928711,-0.5146939754486084,low SNR (0.59)
PT_21,4,Tapes_standing,2,13,flexors,0.5927731500632751,35.699527740478516,-0.22228077054023743,low SNR (0.59)
PT_21,4,Tapes_standing,2,14,flexors,0.5930481413457775,35.705833435058594,-0.06126845255494118,low SNR (0.59)
PT_21,4,Tapes_standing,2,15,flexors,0.5931546701279422,35.6962776184082,-0.305270791053772,low SNR (0.59)
PT_21,4,Tapes_standing,2,16,flexors,0.5929752990467355,35.69110107421875,-0.43745091557502747,low SNR (0.59)
PT_21,4,Tapes_standing,2,17,flexors,0.5937579968148404,35.70744705200195,-0.020065661519765854,low SNR (0.59)
PT_21,4,Tapes_standing,2,18,flexors,0.5923631323109724,35.678070068359375,-0.7701902389526367,low SNR (0.59)
PT_21,4,Tapes_standing,2,19,extensors,0.5930092229762194,35.708988189697266,0.019286412745714188,low SNR (0.59)
PT_21,4,Tapes_standing,2,20,extensors,0.5929481441057916,35.69554901123047,-0.323875367641449,low SNR (0.59)
PT_21,4,Tapes_standing,2,21,extensors,0.5928140764190507,35.68405532836914,-0.61735999584198,low SNR (0.59)
PT_21,4,Tapes_standing,2,22,extensors,0.5932958974342306,35.69426345825195,-0.35670122504234314,low SNR (0.59)
PT_21,4,Tapes_standing,2,23,extensors,0.5926529016473562,35.67627716064453,-0.8159710764884949,low SNR (0.59)
PT_21,4,Tapes_standing,2,24,extensors,0.5926715274337107,35.68058395385742,-0.7059996128082275,low SNR (0.59)
PT_21,4,Tapes_standing,2,25,extensors,0.5939214223625285,35.728641510009766,0.5211227536201477,low SNR (0.59)
PT_21,4,Tapes_standing,2,26,extensors,0.593243859874283,35.69025802612305,-0.45897766947746277,low SNR (0.59)
PT_21,4,Tapes_standing,2,27,extensors,0.5929154622703161,35.679080963134766,-0.744377613067627,low SNR (0.59)
PT_21,4,Tapes_standing,2,28,extensors,0.593041878187132,35.69139099121094,-0.43004804849624634,low SNR (0.59)
PT_21,4,Tapes_standing,2,29,extensors,0.5925809291155741,35.706787109375,-0.03691692277789116,low SNR (0.59)
PT_21,4,Tapes_standing,2,30,extensors,0.5928199771640893,35.68381118774414,-0.6235939860343933,low SNR (0.59)
PT_21,4,Tapes_standing,2,31,extensors,0.5930690449429442,35.68643569946289,-0.5565785765647888,low SNR (0.59)
PT_21,4,Tapes_standing,2,32,extensors,0.59311901306129,35.68321228027344,-0.6388867497444153,low SNR (0.59)
PT_21,4,Tapes_standing,2,33,extensors,0.5930608524575036,35.71308898925781,0.1239979937672615,low SNR (0.59)
PT_21,4,Tapes_standing,2,34,extensors,0.5928967638113715,35.67021560668945,-0.9707494378089905,low SNR (0.59)
PT_21,4,Tapes_standing,2,35,extensors,0.5926427780857434,35.67118453979492,-0.9460082650184631,low SNR (0.59)
PT_21,4,Tapes_standing,2,36,extensors,0.5935089839582252,35.7165412902832,0.21215054392814636,low SNR (0.59)
PT_21,4,Tapes_standing,2,37,bicep,0.5930267043392071,35.667396545410156,-1.0427325963974,low SNR (0.59)
PT_21,4,Tapes_standing,2,38,bicep,0.5930624181394704,35.687103271484375,-0.5395325422286987,low SNR (0.59)
PT_21,4,Tapes_standing,2,39,bicep,0.5928518348206265,35.683692932128906,-0.6266136169433594,low SNR (0.59)
PT_21,4,Tapes_standing,2,40,bicep,0.5932726408133195,35.687164306640625,-0.5379739999771118,low SNR (0.59)
PT_21,4,Tapes_standing,2,41,bicep,0.5930679150854462,35.69578552246094,-0.317836195230484,low SNR (0.59)
PT_21,4,Tapes_standing,2,42,bicep,0.592823483528439,35.68639373779297,-0.557650089263916,low SNR (0.59)
PT_21,4,Tapes_standing,2,43,bicep,0.5941752766700867,35.73590850830078,0.7066814303398132,low SNR (0.59)
PT_21,4,Tapes_standing,2,44,bicep,0.5930496596729233,35.69766616821289,-0.26981496810913086,low SNR (0.59)
PT_21,4,Tapes_standing,2,45,bicep,0.5933967110545418,35.688236236572266,-0.5106028914451599,low SNR (0.59)
PT_21,4,Tapes_standing,2,46,lateral_tri,0.5928862582433478,35.666202545166016,-1.0732207298278809,low SNR (0.59)
PT_21,4,Tapes_standing,2,47,bicep,0.5929736475275746,35.69538497924805,-0.32806381583213806,low SNR (0.59)
PT_21,4,Tapes_standing,2,48,bicep,0.592841936409602,35.67241287231445,-0.9146435260772705,low SNR (0.59)
PT_21,4,Tapes_standing,2,49,lateral_tri,0.5929131842014895,35.69818115234375,-0.2566651403903961,low SNR (0.59)
PT_21,4,Tapes_standing,2,50,lateral_tri,0.5931507156038387,35.69072723388672,-0.4469967186450958,low SNR (0.59)
PT_21,4,Tapes_standing,2,51,lateral_tri,0.5931468703340429,35.697059631347656,-0.2853025496006012,low SNR (0.59)
PT_21,4,Tapes_standing,2,52,lateral_tri,0.593200821826855,35.70280456542969,-0.138608917593956,low SNR (0.59)
PT_21,4,Tapes_standing,2,53,lateral_tri,0.5928862582433478,35.666202545166016,-1.0732207298278809,low SNR (0.59)
PT_21,4,Tapes_standing,2,54,lateral_tri,0.592980347152949,35.70004653930664,-0.2090335488319397,low SNR (0.59)
PT_21,4,Tapes_standing,2,55,lateral_tri,0.592741805843636,35.68730163574219,-0.5344673991203308,low SNR (0.59)
PT_21,4,Tapes_standing,2,56,lateral_tri,0.5929736475275746,35.69538497924805,-0.32806381583213806,low SNR (0.59)
PT_21,4,Tapes_standing,2,57,long_tri,0.5968863891763962,35.84247970581055,3.4279162883758545,low SNR (0.60) & RMS z=3.43
PT_21,4,Tapes_standing,2,58,long_tri,0.5953257882915706,35.790740966796875,2.106796979904175,low SNR (0.60)
PT_21,4,Tapes_standing,2,59,long_tri,0.5948932297172618,35.77601623535156,1.7308094501495361,low SNR (0.59)
PT_21,4,Tapes_standing,2,60,long_tri,0.5953012535103435,35.80118942260742,2.3735923767089844,low SNR (0.60)
PT_21,4,Tapes_standing,2,61,long_tri,0.59509195089393,35.809085845947266,2.575223207473755,low SNR (0.60)
PT_21,4,Tapes_standing,2,62,long_tri,0.5955604109209136,35.81688690185547,2.774418592453003,low SNR (0.60)
PT_21,4,Tapes_standing,2,63,long_tri,0.5952439510942219,35.774471282958984,1.6913599967956543,low SNR (0.60)
PT_21,4,Tapes_standing,2,64,long_tri,0.5947797628919339,35.77693176269531,1.7541868686676025,low SNR (0.59)
PT_21,4,Tapes_standing,3,57,long_tri,0.6545966690953764,41.131019592285156,3.401806592941284,RMS z=3.40
PT_21,4,Tapes_standing,4,1,flexors,0.5996635139534218,37.42131805419922,1.9779391288757324,low SNR (0.60)
PT_21,4,Tapes_standing,4,2,flexors,0.5983515526119132,37.341915130615234,-0.2725694179534912,low SNR (0.60)
PT_21,4,Tapes_standing,4,3,flexors,0.5983984970672831,37.349151611328125,-0.067466601729393,low SNR (0.60)
PT_21,4,Tapes_standing,4,4,flexors,0.5987681604667126,37.335540771484375,-0.4532371759414673,low SNR (0.60)
PT_21,4,Tapes_standing,4,5,flexors,0.5986128304446567,37.36369705200195,0.34479326009750366,low SNR (0.60)
PT_21,4,Tapes_standing,4,6,flexors,0.5986488683140352,37.35456848144531,0.08606316894292831,low SNR (0.60)
PT_21,4,Tapes_standing,4,7,flexors,0.5984828112735683,37.34955978393555,-0.05589780956506729,low SNR (0.60)
PT_21,4,Tapes_standing,4,8,flexors,0.5985814531207487,37.300682067871094,-1.44123375415802,low SNR (0.60)
PT_21,4,Tapes_standing,4,10,flexors,0.5984902385913731,37.35648727416992,0.14044730365276337,low SNR (0.60)
PT_21,4,Tapes_standing,4,11,flexors,0.5984972309388894,37.35258483886719,0.029840998351573944,low SNR (0.60)
PT_21,4,Tapes_standing,4,12,flexors,0.5984901333498606,37.34446716308594,-0.2002374231815338,low SNR (0.60)
PT_21,4,Tapes_standing,4,13,flexors,0.5983250201780514,37.32490539550781,-0.75467449426651,low SNR (0.60)
PT_21,4,Tapes_standing,4,14,flexors,0.5986152567067661,37.35299301147461,0.04140979051589966,low SNR (0.60)
PT_21,4,Tapes_standing,4,15,flexors,0.5984582889509298,37.3380126953125,-0.38317570090293884,low SNR (0.60)
PT_21,4,Tapes_standing,4,16,flexors,0.5984146140869268,37.343284606933594,-0.2337544858455658,low SNR (0.60)
PT_21,4,Tapes_standing,4,17,flexors,0.599160063547162,37.356040954589844,0.12779732048511505,low SNR (0.60)
PT_21,4,Tapes_standing,4,18,flexors,0.5982346579595609,37.32904052734375,-0.637472927570343,low SNR (0.60)
PT_21,4,Tapes_standing,4,19,extensors,0.5983349398380813,37.3233757019043,-0.798030436038971,low SNR (0.60)
PT_21,4,Tapes_standing,4,20,extensors,0.5984405531070831,37.33774948120117,-0.39063596725463867,low SNR (0.60)
PT_21,4,Tapes_standing,4,21,extensors,0.5984648127792752,37.33753204345703,-0.3967987596988678,low SNR (0.60)
PT_21,4,Tapes_standing,4,22,extensors,0.5982922708958696,37.31086349487305,-1.1526626348495483,low SNR (0.60)
PT_21,4,Tapes_standing,4,23,extensors,0.5983388113887899,37.31266784667969,-1.1015220880508423,low SNR (0.60)
PT_21,4,Tapes_standing,4,24,extensors,0.5983352836334009,37.32799530029297,-0.6670976877212524,low SNR (0.60)
PT_21,4,Tapes_standing,4,25,extensors,0.5995580206958032,37.394187927246094,1.208992838859558,low SNR (0.60)
PT_21,4,Tapes_standing,4,26,extensors,0.5983684568459409,37.345943450927734,-0.15839515626430511,low SNR (0.60)
PT_21,4,Tapes_standing,4,27,extensors,0.5984377749634997,37.35651397705078,0.14120414853096008,low SNR (0.60)
PT_21,4,Tapes_standing,4,28,extensors,0.5983160204419535,37.336143493652344,-0.436154305934906,low SNR (0.60)
PT_21,4,Tapes_standing,4,29,extensors,0.598475447873805,37.3426628112793,-0.25137796998023987,low SNR (0.60)
PT_21,4,Tapes_standing,4,30,extensors,0.5981773218083923,37.324546813964844,-0.7648377418518066,low SNR (0.60)
PT_21,4,Tapes_standing,4,31,extensors,0.598211343188276,37.32913589477539,-0.6347699165344238,low SNR (0.60)
PT_21,4,Tapes_standing,4,32,extensors,0.598346023584492,37.31536102294922,-1.0251896381378174,low SNR (0.60)
PT_21,4,Tapes_standing,4,33,extensors,0.598185349694967,37.32835006713867,-0.6570425629615784,low SNR (0.60)
PT_21,4,Tapes_standing,4,34,extensors,0.5985060265173824,37.33784484863281,-0.3879329562187195,low SNR (0.60)
PT_21,4,Tapes_standing,4,35,extensors,0.5984293556327541,37.32048034667969,-0.8800932168960571,low SNR (0.60)
PT_21,4,Tapes_standing,4,36,extensors,0.5995642680697272,37.366371154785156,0.4205850660800934,low SNR (0.60)
PT_21,4,Tapes_standing,4,37,bicep,0.5986027438167933,37.32175064086914,-0.8440893888473511,low SNR (0.60)
PT_21,4,Tapes_standing,4,38,bicep,0.598420918614235,37.33889389038086,-0.3582001030445099,low SNR (0.60)
PT_21,4,Tapes_standing,4,39,bicep,0.598403091731455,37.35289001464844,0.03849056363105774,low SNR (0.60)
PT_21,4,Tapes_standing,4,40,bicep,0.5986266156343928,37.33441162109375,-0.4852405786514282,low SNR (0.60)
PT_21,4,Tapes_standing,4,41,bicep,0.5987098654194473,37.334930419921875,-0.47053632140159607,low SNR (0.60)
PT_21,4,Tapes_standing,4,42,bicep,0.5985189249601071,37.32918167114258,-0.6334725022315979,low SNR (0.60)
PT_21,4,Tapes_standing,4,43,bicep,0.599979961880925,37.386436462402344,0.9892939329147339,low SNR (0.60)
PT_21,4,Tapes_standing,4,44,bicep,0.5982476924372421,37.346832275390625,-0.13320329785346985,low SNR (0.60)
PT_21,4,Tapes_standing,4,45,bicep,0.5985564124993455,37.311641693115234,-1.1306061744689941,low SNR (0.60)
PT_21,4,Tapes_standing,4,46,lateral_tri,0.5983539922052822,37.32236099243164,-0.8267902731895447,low SNR (0.60)
PT_21,4,Tapes_standing,4,47,bicep,0.5985732173810787,37.33023452758789,-0.6036314964294434,low SNR (0.60)
PT_21,4,Tapes_standing,4,48,bicep,0.5984476676917372,37.31956100463867,-0.9061499834060669,low SNR (0.60)
PT_21,4,Tapes_standing,4,49,lateral_tri,0.5987032616511527,37.34001922607422,-0.3263048231601715,low SNR (0.60)
PT_21,4,Tapes_standing,4,50,lateral_tri,0.5983600016815678,37.33444595336914,-0.4842675030231476,low SNR (0.60)
PT_21,4,Tapes_standing,4,51,lateral_tri,0.5984166112667696,37.3484001159668,-0.08876615762710571,low SNR (0.60)
PT_21,4,Tapes_standing,4,52,lateral_tri,0.5988454975157984,37.33800506591797,-0.38339194655418396,low SNR (0.60)
PT_21,4,Tapes_standing,4,53,lateral_tri,0.5983539922052822,37.32236099243164,-0.8267902731895447,low SNR (0.60)
PT_21,4,Tapes_standing,4,54,lateral_tri,0.5985030357016003,37.34965896606445,-0.05308670178055763,low SNR (0.60)
PT_21,4,Tapes_standing,4,55,lateral_tri,0.5989457465844418,37.3398323059082,-0.33160269260406494,low SNR (0.60)
PT_21,4,Tapes_standing,4,56,lateral_tri,0.5985732173810787,37.33023452758789,-0.6036314964294434,low SNR (0.60)
PT_21,4,Tapes_standing,4,57,long_tri,0.6021171037514897,37.475563049316406,3.515399217605591,RMS z=3.52
PT_21,4,Tapes_standing,5,57,long_tri,0.6449908570319742,30.712928771972656,3.8728744983673096,RMS z=3.87
PT_21,5,Tapes,2,57,long_tri,0.9400613611274145,9.076518058776855,3.102243423461914,RMS z=3.10
PT_21,5,Tapes,3,57,long_tri,0.9347897141397145,8.68388557434082,3.080409049987793,RMS z=3.08
PT_21,5,Tapes,4,57,long_tri,0.9454890538398736,9.569334983825684,3.0776474475860596,RMS z=3.08
PT_21,5,Tapes,5,57,long_tri,0.960067168768542,10.684760093688965,3.0010287761688232,RMS z=3.00
PT_21,5,Tapes_cog_load,1,57,long_tri,0.9257208306518997,6.978305816650391,3.112699508666992,RMS z=3.11
PT_21,5,Tapes_cog_load,2,57,long_tri,0.9293336385993278,6.934142112731934,3.0498199462890625,RMS z=3.05
PT_21,5,Tapes_cog_load,3,57,long_tri,0.9295035136556936,7.062614440917969,3.143385410308838,RMS z=3.14
PT_21,5,Tapes_cog_load,4,57,long_tri,0.9273423789424445,8.550982475280762,3.153432607650757,RMS z=3.15
PT_21,5,Tapes_cog_load,5,57,long_tri,0.9256804964345371,8.385428428649902,3.1342594623565674,RMS z=3.13
PT_21,5,Tapes_standing,1,57,long_tri,0.9385586056218082,7.78818416595459,3.7529218196868896,RMS z=3.75
PT_21,5,Tapes_standing,2,57,long_tri,0.9413203446117065,8.053812980651855,3.652570962905884,RMS z=3.65
PT_21,5,Tapes_standing,3,57,long_tri,0.9399133435551219,8.283317565917969,3.740654468536377,RMS z=3.74
PT_21,5,Tapes_standing,4,57,long_tri,0.9352432849914821,8.260695457458496,3.7648913860321045,RMS z=3.76
PT_21,5,Tapes_standing,5,57,long_tri,0.9375543505778866,8.403078079223633,3.743551015853882,RMS z=3.74
